data/OR021/63.jpg,9
data/IR007/49.jpg,3
data/B014/47.jpg,1
data/IR007/286.jpg,3
data/OR021/83.jpg,9
data/OR014/281.jpg,8
data/Normal/5.jpg,6
data/IR014/119.jpg,4
data/IR007/8.jpg,3
data/B007/131.jpg,0
data/OR014/29.jpg,8
data/B021/154.jpg,2
data/B021/162.jpg,2
data/IR021/94.jpg,5
data/B007/200.jpg,0
data/IR021/85.jpg,5
data/OR014/231.jpg,8
data/B021/257.jpg,2
data/Normal/21.jpg,6
data/IR007/91.jpg,3
data/B021/14.jpg,2
data/Normal/274.jpg,6
data/IR014/149.jpg,4
data/B014/226.jpg,1
data/B021/250.jpg,2
data/B021/207.jpg,2
data/B021/191.jpg,2
data/IR021/48.jpg,5
data/OR007/208.jpg,7
data/OR014/165.jpg,8
data/B014/25.jpg,1
data/OR007/156.jpg,7
data/B007/1.jpg,0
data/IR014/49.jpg,4
data/IR021/15.jpg,5
data/OR007/52.jpg,7
data/IR014/180.jpg,4
data/OR021/51.jpg,9
data/B021/122.jpg,2
data/B014/6.jpg,1
data/B021/121.jpg,2
data/OR021/166.jpg,9
data/Normal/66.jpg,6
data/IR014/233.jpg,4
data/IR021/178.jpg,5
data/IR014/288.jpg,4
data/B021/54.jpg,2
data/B021/109.jpg,2
data/B014/266.jpg,1
data/IR021/19.jpg,5
data/OR007/58.jpg,7
data/B021/78.jpg,2
data/Normal/46.jpg,6
data/B021/272.jpg,2
data/B021/19.jpg,2
data/OR007/77.jpg,7
data/OR007/102.jpg,7
data/OR014/148.jpg,8
data/IR007/19.jpg,3
data/OR014/163.jpg,8
data/OR007/165.jpg,7
data/IR021/9.jpg,5
data/Normal/300.jpg,6
data/IR014/33.jpg,4
data/IR014/121.jpg,4
data/Normal/294.jpg,6
data/IR014/110.jpg,4
data/B021/138.jpg,2
data/Normal/182.jpg,6
data/IR007/54.jpg,3
data/IR021/282.jpg,5
data/OR021/190.jpg,9
data/Normal/25.jpg,6
data/B014/238.jpg,1
data/IR021/75.jpg,5
data/IR007/94.jpg,3
data/OR007/193.jpg,7
data/B014/198.jpg,1
data/B007/219.jpg,0
data/B014/159.jpg,1
data/IR007/73.jpg,3
data/OR021/161.jpg,9
data/IR007/117.jpg,3
data/B007/62.jpg,0
data/Normal/1.jpg,6
data/B007/202.jpg,0
data/IR007/122.jpg,3
data/IR014/147.jpg,4
data/OR014/193.jpg,8
data/B014/48.jpg,1
data/IR007/116.jpg,3
data/OR021/201.jpg,9
data/B021/98.jpg,2
data/OR021/276.jpg,9
data/IR007/128.jpg,3
data/B021/37.jpg,2
data/OR021/58.jpg,9
data/OR014/73.jpg,8
data/IR007/111.jpg,3
data/Normal/73.jpg,6
data/IR014/25.jpg,4
data/OR014/139.jpg,8
data/Normal/81.jpg,6
data/B021/167.jpg,2
data/IR021/218.jpg,5
data/IR007/28.jpg,3
data/IR007/50.jpg,3
data/OR021/266.jpg,9
data/B007/72.jpg,0
data/Normal/101.jpg,6
data/IR007/206.jpg,3
data/OR014/9.jpg,8
data/IR021/26.jpg,5
data/IR014/164.jpg,4
data/IR014/146.jpg,4
data/IR007/13.jpg,3
data/IR007/254.jpg,3
data/OR021/143.jpg,9
data/OR021/262.jpg,9
data/OR021/200.jpg,9
data/B014/292.jpg,1
data/OR014/297.jpg,8
data/IR021/159.jpg,5
data/B007/293.jpg,0
data/OR014/255.jpg,8
data/B014/156.jpg,1
data/Normal/13.jpg,6
data/IR021/287.jpg,5
data/OR014/30.jpg,8
data/OR014/223.jpg,8
data/B014/95.jpg,1
data/IR007/109.jpg,3
data/OR007/13.jpg,7
data/OR014/141.jpg,8
data/OR014/257.jpg,8
data/OR021/52.jpg,9
data/OR007/257.jpg,7
data/Normal/189.jpg,6
data/Normal/23.jpg,6
data/OR007/266.jpg,7
data/IR007/240.jpg,3
data/IR007/23.jpg,3
data/IR014/82.jpg,4
data/B021/55.jpg,2
data/OR007/56.jpg,7
data/B021/59.jpg,2
data/IR014/132.jpg,4
data/OR021/29.jpg,9
data/OR007/95.jpg,7
data/OR014/114.jpg,8
data/IR007/221.jpg,3
data/OR007/76.jpg,7
data/IR007/7.jpg,3
data/OR021/151.jpg,9
data/OR021/90.jpg,9
data/OR014/65.jpg,8
data/B007/121.jpg,0
data/IR021/137.jpg,5
data/IR007/55.jpg,3
data/OR007/7.jpg,7
data/OR021/48.jpg,9
data/IR021/181.jpg,5
data/IR014/11.jpg,4
data/IR007/260.jpg,3
data/IR014/99.jpg,4
data/IR007/51.jpg,3
data/IR014/90.jpg,4
data/OR021/186.jpg,9
data/IR021/244.jpg,5
data/B007/231.jpg,0
data/OR007/162.jpg,7
data/OR021/236.jpg,9
data/B007/221.jpg,0
data/IR014/76.jpg,4
data/B014/282.jpg,1
data/B007/86.jpg,0
data/IR014/254.jpg,4
data/B014/87.jpg,1
data/OR021/257.jpg,9
data/Normal/241.jpg,6
data/OR007/187.jpg,7
data/B021/141.jpg,2
data/IR014/133.jpg,4
data/B007/120.jpg,0
data/Normal/49.jpg,6
data/B014/162.jpg,1
data/IR007/250.jpg,3
data/B014/34.jpg,1
data/OR014/66.jpg,8
data/OR007/54.jpg,7
data/IR014/131.jpg,4
data/Normal/136.jpg,6
data/IR014/250.jpg,4
data/B007/272.jpg,0
data/B014/134.jpg,1
data/OR021/34.jpg,9
data/B007/83.jpg,0
data/IR014/23.jpg,4
data/B021/21.jpg,2
data/OR014/170.jpg,8
data/OR007/79.jpg,7
data/IR007/142.jpg,3
data/IR021/165.jpg,5
data/IR014/83.jpg,4
data/B021/186.jpg,2
data/IR021/172.jpg,5
data/IR021/112.jpg,5
data/OR007/99.jpg,7
data/B021/206.jpg,2
data/OR021/97.jpg,9
data/B007/126.jpg,0
data/IR021/98.jpg,5
data/Normal/142.jpg,6
data/OR014/117.jpg,8
data/OR007/234.jpg,7
data/IR014/161.jpg,4
data/Normal/264.jpg,6
data/B014/26.jpg,1
data/Normal/76.jpg,6
data/OR021/290.jpg,9
data/IR014/183.jpg,4
data/B021/281.jpg,2
data/OR007/86.jpg,7
data/Normal/190.jpg,6
data/OR007/42.jpg,7
data/B014/22.jpg,1
data/OR007/112.jpg,7
data/OR007/121.jpg,7
data/OR014/107.jpg,8
data/Normal/10.jpg,6
data/B021/36.jpg,2
data/OR021/237.jpg,9
data/Normal/298.jpg,6
data/OR014/76.jpg,8
data/B007/208.jpg,0
data/B007/15.jpg,0
data/B021/152.jpg,2
data/B014/2.jpg,1
data/OR021/121.jpg,9
data/OR014/196.jpg,8
data/OR021/74.jpg,9
data/Normal/181.jpg,6
data/B014/102.jpg,1
data/IR007/24.jpg,3
data/IR014/266.jpg,4
data/OR014/238.jpg,8
data/B021/22.jpg,2
data/B021/8.jpg,2
data/IR007/112.jpg,3
data/IR007/207.jpg,3
data/OR014/252.jpg,8
data/Normal/286.jpg,6
data/B021/164.jpg,2
data/Normal/231.jpg,6
data/OR021/96.jpg,9
data/IR021/164.jpg,5
data/B007/45.jpg,0
data/OR007/105.jpg,7
data/B007/259.jpg,0
data/Normal/180.jpg,6
data/IR007/44.jpg,3
data/OR014/280.jpg,8
data/IR021/122.jpg,5
data/B007/41.jpg,0
data/OR014/33.jpg,8
data/OR021/20.jpg,9
data/B014/183.jpg,1
data/B021/232.jpg,2
data/B021/215.jpg,2
data/OR014/230.jpg,8
data/IR021/47.jpg,5
data/OR007/211.jpg,7
data/OR014/295.jpg,8
data/B021/192.jpg,2
data/B014/49.jpg,1
data/B007/115.jpg,0
data/OR021/295.jpg,9
data/B014/135.jpg,1
data/OR014/14.jpg,8
data/OR021/292.jpg,9
data/OR014/225.jpg,8
data/OR021/87.jpg,9
data/B007/192.jpg,0
data/OR021/12.jpg,9
data/B014/293.jpg,1
data/IR014/208.jpg,4
data/B007/286.jpg,0
data/IR007/178.jpg,3
data/B021/6.jpg,2
data/IR021/276.jpg,5
data/B014/179.jpg,1
data/OR007/41.jpg,7
data/OR021/31.jpg,9
data/IR021/199.jpg,5
data/Normal/233.jpg,6
data/B007/30.jpg,0
data/B007/91.jpg,0
data/IR014/10.jpg,4
data/OR007/270.jpg,7
data/B007/244.jpg,0
data/B014/207.jpg,1
data/OR014/55.jpg,8
data/IR007/20.jpg,3
data/OR014/50.jpg,8
data/OR014/273.jpg,8
data/Normal/61.jpg,6
data/Normal/157.jpg,6
data/OR007/38.jpg,7
data/OR014/46.jpg,8
data/IR007/270.jpg,3
data/OR021/98.jpg,9
data/Normal/260.jpg,6
data/B007/227.jpg,0
data/B021/288.jpg,2
data/B014/204.jpg,1
data/Normal/135.jpg,6
data/OR021/278.jpg,9
data/B021/163.jpg,2
data/OR014/64.jpg,8
data/OR007/263.jpg,7
data/OR021/91.jpg,9
data/Normal/218.jpg,6
data/IR014/57.jpg,4
data/B021/97.jpg,2
data/IR021/193.jpg,5
data/OR014/93.jpg,8
data/IR007/26.jpg,3
data/IR021/171.jpg,5
data/IR007/39.jpg,3
data/B007/94.jpg,0
data/OR014/202.jpg,8
data/B014/280.jpg,1
data/B007/40.jpg,0
data/IR007/66.jpg,3
data/IR021/106.jpg,5
data/B014/57.jpg,1
data/OR014/72.jpg,8
data/IR007/148.jpg,3
data/B014/88.jpg,1
data/IR014/295.jpg,4
data/B007/42.jpg,0
data/B021/146.jpg,2
data/Normal/71.jpg,6
data/IR021/251.jpg,5
data/IR007/185.jpg,3
data/B014/275.jpg,1
data/B014/295.jpg,1
data/B021/4.jpg,2
data/B021/81.jpg,2
data/OR014/237.jpg,8
data/B014/277.jpg,1
data/IR021/294.jpg,5
data/OR021/59.jpg,9
data/IR021/138.jpg,5
data/B014/160.jpg,1
data/IR014/116.jpg,4
data/OR014/32.jpg,8
data/B021/283.jpg,2
data/IR021/245.jpg,5
data/OR007/107.jpg,7
data/B007/125.jpg,0
data/B007/101.jpg,0
data/OR021/73.jpg,9
data/B021/101.jpg,2
data/B014/199.jpg,1
data/IR007/157.jpg,3
data/B021/106.jpg,2
data/IR021/167.jpg,5
data/Normal/36.jpg,6
data/IR021/25.jpg,5
data/IR021/35.jpg,5
data/B014/38.jpg,1
data/Normal/74.jpg,6
data/OR007/109.jpg,7
data/B007/243.jpg,0
data/Normal/41.jpg,6
data/B021/253.jpg,2
data/OR021/146.jpg,9
data/OR014/62.jpg,8
data/OR007/152.jpg,7
data/OR007/153.jpg,7
data/B007/263.jpg,0
data/B007/36.jpg,0
data/B014/150.jpg,1
data/IR014/261.jpg,4
data/OR021/120.jpg,9
data/B007/241.jpg,0
data/IR007/6.jpg,3
data/OR007/134.jpg,7
data/B014/60.jpg,1
data/OR014/154.jpg,8
data/IR014/93.jpg,4
data/OR014/144.jpg,8
data/IR021/49.jpg,5
data/B007/249.jpg,0
data/IR021/208.jpg,5
data/B021/291.jpg,2
data/OR007/239.jpg,7
data/IR014/243.jpg,4
data/OR014/160.jpg,8
data/IR007/83.jpg,3
data/OR021/242.jpg,9
data/B021/82.jpg,2
data/OR021/286.jpg,9
data/IR021/91.jpg,5
data/B014/74.jpg,1
data/IR021/12.jpg,5
data/Normal/242.jpg,6
data/B007/270.jpg,0
data/OR014/183.jpg,8
data/IR014/152.jpg,4
data/OR007/140.jpg,7
data/B007/55.jpg,0
data/OR007/290.jpg,7
data/B007/215.jpg,0
data/Normal/169.jpg,6
data/OR021/30.jpg,9
data/OR014/89.jpg,8
data/IR021/187.jpg,5
data/IR014/209.jpg,4
data/B021/148.jpg,2
data/B007/103.jpg,0
data/B014/164.jpg,1
data/OR021/4.jpg,9
data/B007/268.jpg,0
data/B007/123.jpg,0
data/OR007/271.jpg,7
data/OR007/259.jpg,7
data/B014/98.jpg,1
data/IR007/279.jpg,3
data/IR007/57.jpg,3
data/OR014/208.jpg,8
data/IR007/228.jpg,3
data/B021/85.jpg,2
data/OR014/249.jpg,8
data/Normal/79.jpg,6
data/IR014/91.jpg,4
data/OR014/1.jpg,8
data/IR007/139.jpg,3
data/B021/75.jpg,2
data/OR014/253.jpg,8
data/B021/277.jpg,2
data/B007/149.jpg,0
data/OR007/138.jpg,7
data/OR021/17.jpg,9
data/OR007/192.jpg,7
data/Normal/216.jpg,6
data/OR007/250.jpg,7
data/B007/84.jpg,0
data/B014/80.jpg,1
data/B014/153.jpg,1
data/B021/226.jpg,2
data/OR021/15.jpg,9
data/IR007/37.jpg,3
data/IR007/226.jpg,3
data/OR007/200.jpg,7
data/OR007/12.jpg,7
data/B021/185.jpg,2
data/B021/69.jpg,2
data/IR007/69.jpg,3
data/OR021/199.jpg,9
data/B021/60.jpg,2
data/IR007/52.jpg,3
data/Normal/75.jpg,6
data/IR014/197.jpg,4
data/IR021/268.jpg,5
data/IR021/217.jpg,5
data/B021/140.jpg,2
data/IR007/183.jpg,3
data/IR014/282.jpg,4
data/OR014/221.jpg,8
data/OR021/127.jpg,9
data/OR007/98.jpg,7
data/OR014/190.jpg,8
data/OR007/27.jpg,7
data/IR021/36.jpg,5
data/OR021/6.jpg,9
data/OR007/88.jpg,7
data/B014/194.jpg,1
data/OR021/55.jpg,9
data/OR021/119.jpg,9
data/IR014/194.jpg,4
data/OR014/153.jpg,8
data/OR021/241.jpg,9
data/IR014/109.jpg,4
data/B014/85.jpg,1
data/OR007/280.jpg,7
data/IR014/128.jpg,4
data/Normal/67.jpg,6
data/OR014/60.jpg,8
data/IR007/38.jpg,3
data/B007/160.jpg,0
data/OR021/155.jpg,9
data/IR021/189.jpg,5
data/IR007/101.jpg,3
data/OR021/233.jpg,9
data/IR014/145.jpg,4
data/Normal/120.jpg,6
data/IR021/6.jpg,5
data/B014/166.jpg,1
data/OR021/77.jpg,9
data/IR007/213.jpg,3
data/OR007/131.jpg,7
data/B021/137.jpg,2
data/IR021/154.jpg,5
data/OR007/33.jpg,7
data/OR014/206.jpg,8
data/IR007/10.jpg,3
data/B014/193.jpg,1
data/B014/61.jpg,1
data/IR021/50.jpg,5
data/IR021/192.jpg,5
data/OR021/113.jpg,9
data/IR007/106.jpg,3
data/OR007/1.jpg,7
data/OR021/270.jpg,9
data/IR014/61.jpg,4
data/OR014/21.jpg,8
data/B021/217.jpg,2
data/B014/265.jpg,1
data/IR014/154.jpg,4
data/IR007/292.jpg,3
data/IR014/77.jpg,4
data/IR014/102.jpg,4
data/OR014/229.jpg,8
data/OR021/218.jpg,9
data/B021/90.jpg,2
data/IR021/97.jpg,5
data/OR007/142.jpg,7
data/OR021/193.jpg,9
data/IR007/86.jpg,3
data/OR014/232.jpg,8
data/IR014/54.jpg,4
data/B014/154.jpg,1
data/OR021/264.jpg,9
data/B014/214.jpg,1
data/OR021/3.jpg,9
data/OR021/100.jpg,9
data/B007/104.jpg,0
data/IR007/124.jpg,3
data/OR007/288.jpg,7
data/OR007/225.jpg,7
data/IR014/273.jpg,4
data/B021/158.jpg,2
data/B014/243.jpg,1
data/B007/114.jpg,0
data/IR014/108.jpg,4
data/OR021/235.jpg,9
data/OR014/287.jpg,8
data/Normal/83.jpg,6
data/B021/230.jpg,2
data/B021/88.jpg,2
data/B014/21.jpg,1
data/IR014/63.jpg,4
data/B014/94.jpg,1
data/IR014/189.jpg,4
data/B021/46.jpg,2
data/B021/47.jpg,2
data/Normal/116.jpg,6
data/OR014/233.jpg,8
data/B021/56.jpg,2
data/B021/292.jpg,2
data/OR021/243.jpg,9
data/B007/10.jpg,0
data/B007/53.jpg,0
data/B007/37.jpg,0
data/IR014/112.jpg,4
data/OR014/146.jpg,8
data/B014/252.jpg,1
data/IR021/84.jpg,5
data/IR007/151.jpg,3
data/B021/293.jpg,2
data/IR007/255.jpg,3
data/OR007/55.jpg,7
data/OR021/35.jpg,9
data/Normal/289.jpg,6
data/B021/99.jpg,2
data/OR014/184.jpg,8
data/OR014/99.jpg,8
data/B014/173.jpg,1
data/B021/170.jpg,2
data/B021/105.jpg,2
data/IR014/41.jpg,4
data/B014/133.jpg,1
data/Normal/258.jpg,6
data/B021/196.jpg,2
data/OR021/214.jpg,9
data/OR014/263.jpg,8
data/OR007/69.jpg,7
data/OR007/83.jpg,7
data/OR014/119.jpg,8
data/B021/39.jpg,2
data/OR021/95.jpg,9
data/IR021/136.jpg,5
data/IR014/134.jpg,4
data/B014/222.jpg,1
data/B014/167.jpg,1
data/Normal/270.jpg,6
data/IR021/237.jpg,5
data/Normal/220.jpg,6
data/B014/224.jpg,1
data/B014/108.jpg,1
data/B007/174.jpg,0
data/Normal/203.jpg,6
data/Normal/112.jpg,6
data/OR021/281.jpg,9
data/B014/32.jpg,1
data/IR014/237.jpg,4
data/OR021/252.jpg,9
data/OR021/64.jpg,9
data/OR007/214.jpg,7
data/B021/234.jpg,2
data/IR007/59.jpg,3
data/OR007/141.jpg,7
data/IR021/51.jpg,5
data/OR021/250.jpg,9
data/Normal/57.jpg,6
data/OR014/19.jpg,8
data/B021/231.jpg,2
data/IR014/59.jpg,4
data/B021/259.jpg,2
data/IR021/37.jpg,5
data/B007/93.jpg,0
data/IR007/114.jpg,3
data/IR007/41.jpg,3
data/OR007/179.jpg,7
data/OR021/165.jpg,9
data/B014/73.jpg,1
data/IR021/175.jpg,5
data/B014/158.jpg,1
data/IR007/99.jpg,3
data/OR014/246.jpg,8
data/OR021/70.jpg,9
data/IR007/81.jpg,3
data/Normal/69.jpg,6
data/OR021/163.jpg,9
data/B014/146.jpg,1
data/B007/276.jpg,0
data/B014/132.jpg,1
data/OR021/13.jpg,9
data/OR007/47.jpg,7
data/B014/232.jpg,1
data/B014/268.jpg,1
data/IR021/92.jpg,5
data/B021/275.jpg,2
data/OR014/134.jpg,8
data/IR007/238.jpg,3
data/IR021/74.jpg,5
data/B021/76.jpg,2
data/Normal/90.jpg,6
data/B007/294.jpg,0
data/OR014/204.jpg,8
data/IR014/169.jpg,4
data/IR021/158.jpg,5
data/IR014/162.jpg,4
data/IR014/101.jpg,4
data/B007/157.jpg,0
data/OR014/258.jpg,8
data/B021/221.jpg,2
data/OR021/152.jpg,9
data/B014/116.jpg,1
data/Normal/230.jpg,6
data/OR007/136.jpg,7
data/B021/142.jpg,2
data/OR021/202.jpg,9
data/Normal/251.jpg,6
data/B021/43.jpg,2
data/IR014/248.jpg,4
data/OR021/99.jpg,9
data/B007/184.jpg,0
data/B021/209.jpg,2
data/IR021/108.jpg,5
data/OR014/85.jpg,8
data/OR021/246.jpg,9
data/Normal/87.jpg,6
data/IR007/261.jpg,3
data/IR014/188.jpg,4
data/IR007/278.jpg,3
data/IR014/113.jpg,4
data/IR014/181.jpg,4
data/OR007/231.jpg,7
data/OR007/68.jpg,7
data/IR021/116.jpg,5
data/OR007/8.jpg,7
data/OR021/205.jpg,9
data/B021/95.jpg,2
data/Normal/145.jpg,6
data/B021/144.jpg,2
data/OR014/121.jpg,8
data/IR021/54.jpg,5
data/Normal/287.jpg,6
data/OR021/227.jpg,9
data/OR014/177.jpg,8
data/B007/183.jpg,0
data/Normal/20.jpg,6
data/IR021/203.jpg,5
data/OR021/169.jpg,9
data/B021/262.jpg,2
data/B007/226.jpg,0
data/B014/104.jpg,1
data/B007/264.jpg,0
data/IR021/182.jpg,5
data/IR014/267.jpg,4
data/IR014/168.jpg,4
data/OR014/70.jpg,8
data/IR021/64.jpg,5
data/B007/224.jpg,0
data/IR021/269.jpg,5
data/IR007/65.jpg,3
data/IR007/158.jpg,3
data/OR014/136.jpg,8
data/IR014/287.jpg,4
data/IR007/288.jpg,3
data/OR014/4.jpg,8
data/IR021/41.jpg,5
data/B007/118.jpg,0
data/OR021/150.jpg,9
data/B007/269.jpg,0
data/B007/52.jpg,0
data/B014/188.jpg,1
data/B021/53.jpg,2
data/OR014/282.jpg,8
data/IR021/59.jpg,5
data/OR007/4.jpg,7
data/OR021/65.jpg,9
data/IR014/182.jpg,4
data/IR021/127.jpg,5
data/IR007/188.jpg,3
data/IR014/227.jpg,4
data/IR014/258.jpg,4
data/Normal/77.jpg,6
data/OR021/66.jpg,9
data/IR021/124.jpg,5
data/B021/58.jpg,2
data/B021/220.jpg,2
data/B014/186.jpg,1
data/OR014/210.jpg,8
data/Normal/234.jpg,6
data/IR014/290.jpg,4
data/B007/156.jpg,0
data/OR021/154.jpg,9
data/B014/99.jpg,1
data/Normal/146.jpg,6
data/B021/285.jpg,2
data/IR007/274.jpg,3
data/IR014/296.jpg,4
data/IR014/71.jpg,4
data/IR014/107.jpg,4
data/IR007/132.jpg,3
data/OR007/5.jpg,7
data/OR007/44.jpg,7
data/B021/180.jpg,2
data/IR014/158.jpg,4
data/OR014/186.jpg,8
data/B021/7.jpg,2
data/OR014/111.jpg,8
data/OR007/170.jpg,7
data/OR007/282.jpg,7
data/B021/287.jpg,2
data/B014/83.jpg,1
data/B021/23.jpg,2
data/B007/232.jpg,0
data/IR014/58.jpg,4
data/IR021/207.jpg,5
data/IR014/275.jpg,4
data/B021/80.jpg,2
data/IR007/53.jpg,3
data/OR014/82.jpg,8
data/IR021/29.jpg,5
data/B014/163.jpg,1
data/IR021/266.jpg,5
data/Normal/65.jpg,6
data/OR014/215.jpg,8
data/OR007/194.jpg,7
data/B021/258.jpg,2
data/IR014/160.jpg,4
data/IR007/220.jpg,3
data/IR014/66.jpg,4
data/B014/231.jpg,1
data/Normal/59.jpg,6
data/OR014/168.jpg,8
data/IR014/163.jpg,4
data/Normal/105.jpg,6
data/OR021/299.jpg,9
data/OR007/284.jpg,7
data/Normal/167.jpg,6
data/OR014/22.jpg,8
data/OR007/125.jpg,7
data/OR007/245.jpg,7
data/OR007/186.jpg,7
data/OR014/45.jpg,8
data/Normal/207.jpg,6
data/B021/280.jpg,2
data/B014/267.jpg,1
data/OR007/61.jpg,7
data/OR014/35.jpg,8
data/B014/124.jpg,1
data/IR021/140.jpg,5
data/OR007/204.jpg,7
data/IR021/146.jpg,5
data/Normal/80.jpg,6
data/IR007/280.jpg,3
data/IR014/238.jpg,4
data/OR007/258.jpg,7
data/OR021/102.jpg,9
data/OR021/132.jpg,9
data/IR007/233.jpg,3
data/IR014/28.jpg,4
data/IR014/265.jpg,4
data/B007/206.jpg,0
data/OR021/204.jpg,9
data/B007/109.jpg,0
data/IR014/159.jpg,4
data/IR021/134.jpg,5
data/IR014/29.jpg,4
data/Normal/201.jpg,6
data/OR014/69.jpg,8
data/Normal/153.jpg,6
data/IR021/101.jpg,5
data/OR014/15.jpg,8
data/B021/202.jpg,2
data/B007/193.jpg,0
data/OR014/102.jpg,8
data/B021/282.jpg,2
data/OR021/118.jpg,9
data/OR014/77.jpg,8
data/OR014/137.jpg,8
data/Normal/95.jpg,6
data/B014/107.jpg,1
data/OR014/205.jpg,8
data/IR014/68.jpg,4
data/Normal/198.jpg,6
data/IR014/274.jpg,4
data/IR014/96.jpg,4
data/Normal/283.jpg,6
data/IR014/249.jpg,4
data/IR007/223.jpg,3
data/OR021/239.jpg,9
data/IR021/100.jpg,5
data/B014/13.jpg,1
data/B007/108.jpg,0
data/Normal/119.jpg,6
data/OR021/107.jpg,9
data/B021/41.jpg,2
data/OR014/228.jpg,8
data/IR014/65.jpg,4
data/OR007/2.jpg,7
data/B014/245.jpg,1
data/OR007/252.jpg,7
data/B007/296.jpg,0
data/OR021/170.jpg,9
data/Normal/34.jpg,6
data/B021/213.jpg,2
data/B021/127.jpg,2
data/IR014/44.jpg,4
data/B021/187.jpg,2
data/B021/244.jpg,2
data/Normal/17.jpg,6
data/IR007/245.jpg,3
data/OR021/110.jpg,9
data/OR007/221.jpg,7
data/OR021/38.jpg,9
data/OR007/132.jpg,7
data/IR014/78.jpg,4
data/B021/177.jpg,2
data/B021/229.jpg,2
data/IR007/174.jpg,3
data/Normal/100.jpg,6
data/IR021/65.jpg,5
data/OR014/180.jpg,8
data/OR021/287.jpg,9
data/IR014/179.jpg,4
data/OR014/132.jpg,8
data/B007/100.jpg,0
data/IR021/239.jpg,5
data/OR007/251.jpg,7
data/B007/20.jpg,0
data/B014/15.jpg,1
data/IR021/234.jpg,5
data/B007/182.jpg,0
data/IR014/253.jpg,4
data/Normal/134.jpg,6
data/B021/130.jpg,2
data/IR007/78.jpg,3
data/IR007/173.jpg,3
data/Normal/56.jpg,6
data/Normal/228.jpg,6
data/OR021/238.jpg,9
data/OR014/112.jpg,8
data/OR014/235.jpg,8
data/OR007/39.jpg,7
data/B014/155.jpg,1
data/IR014/231.jpg,4
data/OR021/47.jpg,9
data/B014/297.jpg,1
data/B007/253.jpg,0
data/B007/188.jpg,0
data/B021/113.jpg,2
data/OR007/265.jpg,7
data/IR021/96.jpg,5
data/B007/203.jpg,0
data/B007/281.jpg,0
data/B014/248.jpg,1
data/IR021/220.jpg,5
data/B007/22.jpg,0
data/IR021/185.jpg,5
data/IR021/180.jpg,5
data/OR021/189.jpg,9
data/IR014/166.jpg,4
data/OR021/16.jpg,9
data/B007/275.jpg,0
data/IR014/127.jpg,4
data/IR014/104.jpg,4
data/OR021/114.jpg,9
data/B014/236.jpg,1
data/IR007/298.jpg,3
data/OR021/144.jpg,9
data/OR021/54.jpg,9
data/OR014/140.jpg,8
data/B021/173.jpg,2
data/Normal/252.jpg,6
data/B014/276.jpg,1
data/B021/87.jpg,2
data/B021/103.jpg,2
data/IR007/214.jpg,3
data/IR021/202.jpg,5
data/B014/71.jpg,1
data/IR014/105.jpg,4
data/IR021/221.jpg,5
data/Normal/248.jpg,6
data/OR007/172.jpg,7
data/OR007/118.jpg,7
data/B007/235.jpg,0
data/OR007/123.jpg,7
data/OR021/247.jpg,9
data/OR021/285.jpg,9
data/IR021/1.jpg,5
data/OR021/39.jpg,9
data/IR021/128.jpg,5
data/IR007/9.jpg,3
data/OR021/293.jpg,9
data/B007/89.jpg,0
data/IR021/200.jpg,5
data/IR021/142.jpg,5
data/IR007/163.jpg,3
data/B021/17.jpg,2
data/OR014/174.jpg,8
data/OR021/164.jpg,9
data/OR007/164.jpg,7
data/OR007/276.jpg,7
data/OR014/7.jpg,8
data/Normal/124.jpg,6
data/B021/175.jpg,2
data/IR007/202.jpg,3
data/IR007/257.jpg,3
data/Normal/206.jpg,6
data/Normal/149.jpg,6
data/B014/269.jpg,1
data/B014/23.jpg,1
data/OR021/171.jpg,9
data/B007/199.jpg,0
data/B021/240.jpg,2
data/Normal/290.jpg,6
data/IR021/170.jpg,5
data/OR007/23.jpg,7
data/OR007/28.jpg,7
data/IR007/153.jpg,3
data/Normal/193.jpg,6
data/IR007/229.jpg,3
data/Normal/115.jpg,6
data/B007/223.jpg,0
data/OR014/300.jpg,8
data/OR014/234.jpg,8
data/OR007/29.jpg,7
data/OR007/103.jpg,7
data/OR021/72.jpg,9
data/OR007/148.jpg,7
data/Normal/194.jpg,6
data/IR007/32.jpg,3
data/B021/199.jpg,2
data/IR007/273.jpg,3
data/OR007/242.jpg,7
data/OR007/157.jpg,7
data/Normal/68.jpg,6
data/OR021/263.jpg,9
data/OR014/289.jpg,8
data/B021/20.jpg,2
data/IR007/195.jpg,3
data/IR014/103.jpg,4
data/B014/175.jpg,1
data/Normal/232.jpg,6
data/B014/126.jpg,1
data/OR007/238.jpg,7
data/B021/38.jpg,2
data/B007/105.jpg,0
data/Normal/122.jpg,6
data/B007/195.jpg,0
data/IR007/127.jpg,3
data/B014/228.jpg,1
data/B007/69.jpg,0
data/OR014/247.jpg,8
data/OR014/96.jpg,8
data/IR014/35.jpg,4
data/OR007/147.jpg,7
data/IR007/121.jpg,3
data/Normal/108.jpg,6
data/IR021/238.jpg,5
data/IR007/134.jpg,3
data/IR007/209.jpg,3
data/OR014/18.jpg,8
data/OR021/300.jpg,9
data/IR007/177.jpg,3
data/B007/191.jpg,0
data/OR014/120.jpg,8
data/IR021/42.jpg,5
data/OR007/59.jpg,7
data/OR007/48.jpg,7
data/B007/11.jpg,0
data/Normal/222.jpg,6
data/B007/158.jpg,0
data/IR007/118.jpg,3
data/Normal/147.jpg,6
data/Normal/131.jpg,6
data/Normal/109.jpg,6
data/IR014/30.jpg,4
data/B021/178.jpg,2
data/OR014/226.jpg,8
data/IR007/247.jpg,3
data/OR021/179.jpg,9
data/IR021/139.jpg,5
data/IR021/53.jpg,5
data/IR007/167.jpg,3
data/Normal/143.jpg,6
data/IR014/284.jpg,4
data/IR007/186.jpg,3
data/IR014/86.jpg,4
data/Normal/144.jpg,6
data/Normal/11.jpg,6
data/B014/168.jpg,1
data/B021/68.jpg,2
data/B007/181.jpg,0
data/B014/123.jpg,1
data/OR014/207.jpg,8
data/OR007/36.jpg,7
data/B021/269.jpg,2
data/OR014/292.jpg,8
data/B014/137.jpg,1
data/IR014/45.jpg,4
data/B007/116.jpg,0
data/OR007/246.jpg,7
data/IR021/90.jpg,5
data/OR007/92.jpg,7
data/IR007/297.jpg,3
data/OR014/130.jpg,8
data/B014/241.jpg,1
data/B007/138.jpg,0
data/Normal/276.jpg,6
data/B014/24.jpg,1
data/OR014/261.jpg,8
data/Normal/246.jpg,6
data/B014/218.jpg,1
data/B021/255.jpg,2
data/B021/264.jpg,2
data/B014/37.jpg,1
data/IR007/34.jpg,3
data/B014/110.jpg,1
data/B007/257.jpg,0
data/IR007/237.jpg,3
data/OR007/217.jpg,7
data/IR021/240.jpg,5
data/IR007/222.jpg,3
data/Normal/50.jpg,6
data/B014/122.jpg,1
data/OR014/2.jpg,8
data/Normal/200.jpg,6
data/IR014/201.jpg,4
data/B014/41.jpg,1
data/IR014/70.jpg,4
data/OR007/176.jpg,7
data/OR007/149.jpg,7
data/B007/248.jpg,0
data/IR021/110.jpg,5
data/IR021/93.jpg,5
data/B014/176.jpg,1
data/IR014/212.jpg,4
data/B014/50.jpg,1
data/B007/63.jpg,0
data/Normal/3.jpg,6
data/OR007/35.jpg,7
data/B007/216.jpg,0
data/OR014/71.jpg,8
data/IR021/241.jpg,5
data/OR007/84.jpg,7
data/B014/244.jpg,1
data/B021/225.jpg,2
data/Normal/163.jpg,6
data/IR021/115.jpg,5
data/IR007/45.jpg,3
data/B014/234.jpg,1
data/B007/260.jpg,0
data/IR021/243.jpg,5
data/B007/166.jpg,0
data/B014/174.jpg,1
data/IR021/5.jpg,5
data/IR007/208.jpg,3
data/B007/19.jpg,0
data/IR014/297.jpg,4
data/Normal/226.jpg,6
data/OR007/294.jpg,7
data/B014/4.jpg,1
data/B007/47.jpg,0
data/OR007/169.jpg,7
data/B007/179.jpg,0
data/IR007/138.jpg,3
data/B014/294.jpg,1
data/Normal/171.jpg,6
data/IR021/143.jpg,5
data/OR014/81.jpg,8
data/B007/34.jpg,0
data/B007/172.jpg,0
data/IR014/298.jpg,4
data/B021/42.jpg,2
data/OR014/162.jpg,8
data/OR021/19.jpg,9
data/Normal/94.jpg,6
data/IR007/100.jpg,3
data/B021/84.jpg,2
data/IR007/107.jpg,3
data/IR014/252.jpg,4
data/B007/205.jpg,0
data/IR021/261.jpg,5
data/IR021/153.jpg,5
data/OR014/87.jpg,8
data/IR014/42.jpg,4
data/OR007/60.jpg,7
data/B007/65.jpg,0
data/IR007/193.jpg,3
data/B007/33.jpg,0
data/IR014/39.jpg,4
data/IR007/180.jpg,3
data/IR007/269.jpg,3
data/OR007/129.jpg,7
data/OR021/229.jpg,9
data/B007/145.jpg,0
data/B014/262.jpg,1
data/OR021/32.jpg,9
data/Normal/160.jpg,6
data/Normal/172.jpg,6
data/B014/43.jpg,1
data/IR014/156.jpg,4
data/B007/57.jpg,0
data/OR014/131.jpg,8
data/IR014/260.jpg,4
data/OR014/39.jpg,8
data/OR007/34.jpg,7
data/B021/27.jpg,2
data/Normal/8.jpg,6
data/OR014/138.jpg,8
data/B007/292.jpg,0
data/IR021/32.jpg,5
data/IR014/4.jpg,4
data/B021/157.jpg,2
data/IR021/104.jpg,5
data/B021/150.jpg,2
data/OR021/134.jpg,9
data/B021/96.jpg,2
data/OR021/141.jpg,9
data/OR021/105.jpg,9
data/IR007/227.jpg,3
data/OR014/260.jpg,8
data/OR014/212.jpg,8
data/B014/230.jpg,1
data/Normal/85.jpg,6
data/IR014/5.jpg,4
data/IR014/151.jpg,4
data/B014/239.jpg,1
data/B014/206.jpg,1
data/B014/125.jpg,1
data/IR014/217.jpg,4
data/OR007/291.jpg,7
data/B014/54.jpg,1
data/OR014/124.jpg,8
data/IR021/271.jpg,5
data/B014/141.jpg,1
data/Normal/48.jpg,6
data/B007/29.jpg,0
data/B021/299.jpg,2
data/OR007/262.jpg,7
data/IR014/234.jpg,4
data/IR007/95.jpg,3
data/OR021/191.jpg,9
data/OR014/101.jpg,8
data/B007/299.jpg,0
data/B007/146.jpg,0
data/IR014/198.jpg,4
data/IR014/278.jpg,4
data/OR014/59.jpg,8
data/B007/112.jpg,0
data/IR014/236.jpg,4
data/OR007/286.jpg,7
data/OR021/46.jpg,9
data/Normal/30.jpg,6
data/IR014/111.jpg,4
data/Normal/224.jpg,6
data/IR021/166.jpg,5
data/Normal/132.jpg,6
data/OR021/36.jpg,9
data/OR021/78.jpg,9
data/Normal/28.jpg,6
data/Normal/257.jpg,6
data/Normal/152.jpg,6
data/B007/189.jpg,0
data/OR014/49.jpg,8
data/B014/55.jpg,1
data/OR021/256.jpg,9
data/OR021/232.jpg,9
data/B014/250.jpg,1
data/B021/260.jpg,2
data/OR021/125.jpg,9
data/OR014/286.jpg,8
data/B007/107.jpg,0
data/IR007/211.jpg,3
data/B021/134.jpg,2
data/IR014/292.jpg,4
data/B007/289.jpg,0
data/IR014/21.jpg,4
data/IR021/111.jpg,5
data/B007/237.jpg,0
data/OR014/135.jpg,8
data/B021/265.jpg,2
data/Normal/292.jpg,6
data/OR007/53.jpg,7
data/IR007/212.jpg,3
data/OR021/223.jpg,9
data/B021/32.jpg,2
data/Normal/130.jpg,6
data/OR014/272.jpg,8
data/B021/171.jpg,2
data/B007/39.jpg,0
data/IR021/219.jpg,5
data/IR021/33.jpg,5
data/B007/151.jpg,0
data/OR021/148.jpg,9
data/OR014/38.jpg,8
data/OR007/11.jpg,7
data/OR021/211.jpg,9
data/OR014/103.jpg,8
data/OR021/240.jpg,9
data/Normal/4.jpg,6
data/OR014/17.jpg,8
data/OR007/14.jpg,7
data/IR014/291.jpg,4
data/OR007/209.jpg,7
data/IR007/284.jpg,3
data/OR014/181.jpg,8
data/B014/129.jpg,1
data/B014/128.jpg,1
data/B014/287.jpg,1
data/B007/300.jpg,0
data/OR021/89.jpg,9
data/OR014/267.jpg,8
data/B014/91.jpg,1
data/B014/242.jpg,1
data/OR007/199.jpg,7
data/IR021/173.jpg,5
data/IR014/235.jpg,4
data/B021/216.jpg,2
data/Normal/187.jpg,6
data/B014/290.jpg,1
data/B014/255.jpg,1
data/IR021/213.jpg,5
data/OR014/269.jpg,8
data/OR007/158.jpg,7
data/Normal/129.jpg,6
data/B014/136.jpg,1
data/B014/119.jpg,1
data/OR021/283.jpg,9
data/B014/251.jpg,1
data/Normal/263.jpg,6
data/B014/259.jpg,1
data/IR014/173.jpg,4
data/B021/155.jpg,2
data/B014/39.jpg,1
data/IR007/299.jpg,3
data/Normal/2.jpg,6
data/IR021/69.jpg,5
data/B021/252.jpg,2
data/B021/131.jpg,2
data/B021/295.jpg,2
data/IR021/102.jpg,5
data/B007/67.jpg,0
data/IR014/75.jpg,4
data/IR007/143.jpg,3
data/IR014/129.jpg,4
data/B014/205.jpg,1
data/Normal/288.jpg,6
data/B007/23.jpg,0
data/IR021/77.jpg,5
data/OR007/272.jpg,7
data/Normal/179.jpg,6
data/OR021/94.jpg,9
data/Normal/64.jpg,6
data/Normal/275.jpg,6
data/OR007/254.jpg,7
data/Normal/62.jpg,6
data/B014/20.jpg,1
data/B007/81.jpg,0
data/B014/291.jpg,1
data/IR021/155.jpg,5
data/IR007/67.jpg,3
data/Normal/227.jpg,6
data/OR007/163.jpg,7
data/B014/130.jpg,1
data/B021/214.jpg,2
data/OR007/275.jpg,7
data/IR014/60.jpg,4
data/Normal/123.jpg,6
data/B021/242.jpg,2
data/OR014/240.jpg,8
data/OR007/139.jpg,7
data/Normal/102.jpg,6
data/OR021/271.jpg,9
data/Normal/96.jpg,6
data/OR007/173.jpg,7
data/IR021/16.jpg,5
data/OR021/11.jpg,9
data/IR021/63.jpg,5
data/OR014/75.jpg,8
data/IR021/58.jpg,5
data/OR014/108.jpg,8
data/OR021/216.jpg,9
data/B021/248.jpg,2
data/Normal/150.jpg,6
data/IR007/74.jpg,3
data/B007/110.jpg,0
data/OR014/156.jpg,8
data/IR021/27.jpg,5
data/IR021/196.jpg,5
data/IR007/144.jpg,3
data/IR014/155.jpg,4
data/B007/173.jpg,0
data/OR021/108.jpg,9
data/IR021/206.jpg,5
data/B014/201.jpg,1
data/IR021/183.jpg,5
data/B021/65.jpg,2
data/OR021/158.jpg,9
data/Normal/128.jpg,6
data/Normal/217.jpg,6
data/B007/71.jpg,0
data/B021/40.jpg,2
data/OR021/136.jpg,9
data/B007/97.jpg,0
data/OR021/50.jpg,9
data/Normal/117.jpg,6
data/B007/66.jpg,0
data/OR021/284.jpg,9
data/Normal/63.jpg,6
data/IR021/226.jpg,5
data/OR007/171.jpg,7
data/OR007/264.jpg,7
data/OR014/288.jpg,8
data/IR007/12.jpg,3
data/Normal/256.jpg,6
data/OR007/220.jpg,7
data/OR007/230.jpg,7
data/OR021/137.jpg,9
data/B021/147.jpg,2
data/B014/148.jpg,1
data/IR007/96.jpg,3
data/B007/295.jpg,0
data/IR007/200.jpg,3
data/B021/193.jpg,2
data/B014/184.jpg,1
data/B014/219.jpg,1
data/B007/267.jpg,0
data/B021/212.jpg,2
data/OR014/242.jpg,8
data/B007/130.jpg,0
data/IR021/298.jpg,5
data/B007/251.jpg,0
data/Normal/196.jpg,6
data/Normal/178.jpg,6
data/OR021/224.jpg,9
data/B014/221.jpg,1
data/B014/44.jpg,1
data/IR021/163.jpg,5
data/B014/131.jpg,1
data/IR007/82.jpg,3
data/OR014/47.jpg,8
data/IR014/289.jpg,4
data/IR014/34.jpg,4
data/IR021/289.jpg,5
data/IR014/239.jpg,4
data/OR014/95.jpg,8
data/OR021/267.jpg,9
data/IR021/263.jpg,5
data/IR021/135.jpg,5
data/IR021/255.jpg,5
data/Normal/265.jpg,6
data/B007/16.jpg,0
data/OR007/135.jpg,7
data/IR007/204.jpg,3
data/B007/35.jpg,0
data/OR014/145.jpg,8
data/IR021/191.jpg,5
data/Normal/221.jpg,6
data/IR021/284.jpg,5
data/IR014/174.jpg,4
data/B014/69.jpg,1
data/B021/274.jpg,2
data/IR014/272.jpg,4
data/OR021/298.jpg,9
data/OR021/277.jpg,9
data/B014/1.jpg,1
data/IR007/249.jpg,3
data/OR007/269.jpg,7
data/B021/267.jpg,2
data/IR021/267.jpg,5
data/B007/92.jpg,0
data/IR021/118.jpg,5
data/OR021/194.jpg,9
data/OR014/172.jpg,8
data/IR014/37.jpg,4
data/B014/258.jpg,1
data/B007/284.jpg,0
data/B021/256.jpg,2
data/IR007/150.jpg,3
data/IR014/148.jpg,4
data/OR021/177.jpg,9
data/B021/174.jpg,2
data/IR007/295.jpg,3
data/IR021/270.jpg,5
data/IR021/148.jpg,5
data/B007/229.jpg,0
data/IR007/283.jpg,3
data/Normal/139.jpg,6
data/B021/92.jpg,2
data/B014/75.jpg,1
data/B021/132.jpg,2
data/B014/142.jpg,1
data/B007/291.jpg,0
data/B021/290.jpg,2
data/IR014/24.jpg,4
data/B014/196.jpg,1
data/B021/51.jpg,2
data/OR021/275.jpg,9
data/IR021/275.jpg,5
data/IR014/106.jpg,4
data/B021/218.jpg,2
data/OR014/299.jpg,8
data/OR014/251.jpg,8
data/IR014/205.jpg,4
data/B021/271.jpg,2
data/OR014/200.jpg,8
data/B021/219.jpg,2
data/B007/236.jpg,0
data/IR014/268.jpg,4
data/B021/145.jpg,2
data/B007/96.jpg,0
data/OR007/183.jpg,7
data/IR021/296.jpg,5
data/IR021/168.jpg,5
data/B007/245.jpg,0
data/B014/12.jpg,1
data/B021/61.jpg,2
data/IR021/126.jpg,5
data/OR021/182.jpg,9
data/OR021/174.jpg,9
data/B014/273.jpg,1
data/IR007/276.jpg,3
data/IR007/16.jpg,3
data/IR014/16.jpg,4
data/B007/139.jpg,0
data/OR007/101.jpg,7
data/B014/30.jpg,1
data/B021/100.jpg,2
data/Normal/192.jpg,6
data/IR007/27.jpg,3
data/OR014/266.jpg,8
data/IR021/43.jpg,5
data/OR021/42.jpg,9
data/IR021/22.jpg,5
data/OR007/113.jpg,7
data/OR021/69.jpg,9
data/OR007/111.jpg,7
data/IR021/300.jpg,5
data/OR021/265.jpg,9
data/IR007/201.jpg,3
data/Normal/106.jpg,6
data/B007/21.jpg,0
data/IR021/20.jpg,5
data/B007/283.jpg,0
data/OR007/237.jpg,7
data/B007/137.jpg,0
data/B021/34.jpg,2
data/OR014/157.jpg,8
data/B014/89.jpg,1
data/B014/111.jpg,1
data/IR014/286.jpg,4
data/B007/144.jpg,0
data/OR021/112.jpg,9
data/IR014/3.jpg,4
data/Normal/278.jpg,6
data/OR014/211.jpg,8
data/Normal/45.jpg,6
data/IR014/178.jpg,4
data/OR007/256.jpg,7
data/OR021/210.jpg,9
data/IR014/220.jpg,4
data/IR021/152.jpg,5
data/OR014/6.jpg,8
data/OR007/210.jpg,7
data/OR007/292.jpg,7
data/B007/134.jpg,0
data/B014/103.jpg,1
data/B021/45.jpg,2
data/Normal/199.jpg,6
data/B007/255.jpg,0
data/OR007/180.jpg,7
data/B014/157.jpg,1
data/Normal/103.jpg,6
data/B014/76.jpg,1
data/Normal/214.jpg,6
data/B007/266.jpg,0
data/IR021/95.jpg,5
data/IR021/256.jpg,5
data/OR014/197.jpg,8
data/Normal/6.jpg,6
data/B021/284.jpg,2
data/OR014/150.jpg,8
data/IR014/299.jpg,4
data/IR021/11.jpg,5
data/IR021/277.jpg,5
data/B007/51.jpg,0
data/B007/262.jpg,0
data/IR014/232.jpg,4
data/IR021/105.jpg,5
data/Normal/104.jpg,6
data/IR014/79.jpg,4
data/IR021/66.jpg,5
data/IR007/189.jpg,3
data/B014/113.jpg,1
data/B014/53.jpg,1
data/OR014/147.jpg,8
data/B014/169.jpg,1
data/B021/25.jpg,2
data/OR014/159.jpg,8
data/Normal/148.jpg,6
data/OR007/18.jpg,7
data/IR014/280.jpg,4
data/B014/235.jpg,1
data/B021/268.jpg,2
data/IR014/31.jpg,4
data/B007/17.jpg,0
data/OR007/21.jpg,7
data/B014/187.jpg,1
data/B014/114.jpg,1
data/Normal/282.jpg,6
data/OR007/188.jpg,7
data/IR007/35.jpg,3
data/OR021/76.jpg,9
data/B021/246.jpg,2
data/OR021/187.jpg,9
data/OR014/164.jpg,8
data/B021/120.jpg,2
data/Normal/240.jpg,6
data/B021/159.jpg,2
data/OR007/57.jpg,7
data/B007/250.jpg,0
data/Normal/92.jpg,6
data/OR021/128.jpg,9
data/OR007/190.jpg,7
data/OR021/291.jpg,9
data/IR007/194.jpg,3
data/OR007/243.jpg,7
data/IR007/125.jpg,3
data/IR021/254.jpg,5
data/OR007/205.jpg,7
data/IR014/43.jpg,4
data/IR007/218.jpg,3
data/OR021/288.jpg,9
data/IR007/259.jpg,3
data/IR007/85.jpg,3
data/OR007/117.jpg,7
data/OR007/261.jpg,7
data/IR014/186.jpg,4
data/B007/274.jpg,0
data/OR021/279.jpg,9
data/Normal/111.jpg,6
data/IR021/246.jpg,5
data/OR007/224.jpg,7
data/Normal/138.jpg,6
data/Normal/39.jpg,6
data/OR021/217.jpg,9
data/IR014/199.jpg,4
data/IR021/272.jpg,5
data/IR014/216.jpg,4
data/OR014/279.jpg,8
data/B021/64.jpg,2
data/B014/121.jpg,1
data/Normal/155.jpg,6
data/B014/192.jpg,1
data/B014/143.jpg,1
data/OR021/123.jpg,9
data/IR014/62.jpg,4
data/B021/49.jpg,2
data/Normal/84.jpg,6
data/B007/128.jpg,0
data/IR007/262.jpg,3
data/B014/67.jpg,1
data/OR007/143.jpg,7
data/IR021/162.jpg,5
data/OR007/273.jpg,7
data/B007/265.jpg,0
data/OR007/22.jpg,7
data/Normal/243.jpg,6
data/B007/258.jpg,0
data/OR007/236.jpg,7
data/Normal/261.jpg,6
data/OR014/44.jpg,8
data/B014/189.jpg,1
data/OR007/232.jpg,7
data/B014/208.jpg,1
data/OR014/11.jpg,8
data/B021/12.jpg,2
data/IR007/15.jpg,3
data/B007/133.jpg,0
data/B007/186.jpg,0
data/Normal/255.jpg,6
data/IR021/235.jpg,5
data/B021/107.jpg,2
data/IR014/32.jpg,4
data/B007/218.jpg,0
data/IR014/18.jpg,4
data/Normal/197.jpg,6
data/OR014/243.jpg,8
data/Normal/137.jpg,6
data/Normal/188.jpg,6
data/OR014/94.jpg,8
data/OR007/299.jpg,7
data/B014/263.jpg,1
data/IR021/201.jpg,5
data/OR014/278.jpg,8
data/B021/294.jpg,2
data/B007/60.jpg,0
data/B021/151.jpg,2
data/OR007/126.jpg,7
data/Normal/127.jpg,6
data/IR014/300.jpg,4
data/Normal/12.jpg,6
data/IR007/56.jpg,3
data/OR014/105.jpg,8
data/IR007/291.jpg,3
data/OR014/149.jpg,8
data/B007/238.jpg,0
data/OR021/230.jpg,9
data/B021/249.jpg,2
data/OR007/73.jpg,7
data/OR007/274.jpg,7
data/B014/180.jpg,1
data/IR014/9.jpg,4
data/OR007/71.jpg,7
data/B014/225.jpg,1
data/OR021/28.jpg,9
data/Normal/121.jpg,6
data/IR007/184.jpg,3
data/IR007/296.jpg,3
data/B021/110.jpg,2
data/OR014/8.jpg,8
data/IR014/1.jpg,4
data/OR014/91.jpg,8
data/IR014/207.jpg,4
data/IR014/221.jpg,4
data/B014/46.jpg,1
data/IR021/259.jpg,5
data/OR014/142.jpg,8
data/IR014/257.jpg,4
data/IR014/157.jpg,4
data/B007/180.jpg,0
data/B021/233.jpg,2
data/Normal/51.jpg,6
data/OR014/31.jpg,8
data/IR014/200.jpg,4
data/Normal/72.jpg,6
data/OR014/40.jpg,8
data/OR007/16.jpg,7
data/OR007/104.jpg,7
data/B021/222.jpg,2
data/IR007/271.jpg,3
data/OR007/130.jpg,7
data/Normal/293.jpg,6
data/B007/82.jpg,0
data/IR007/113.jpg,3
data/Normal/277.jpg,6
data/B014/178.jpg,1
data/B014/229.jpg,1
data/IR007/154.jpg,3
data/OR007/227.jpg,7
data/B021/223.jpg,2
data/IR014/36.jpg,4
data/B021/24.jpg,2
data/B007/26.jpg,0
data/IR021/248.jpg,5
data/OR014/275.jpg,8
data/B021/276.jpg,2
data/OR021/183.jpg,9
data/IR007/80.jpg,3
data/Normal/295.jpg,6
data/IR021/71.jpg,5
data/OR007/222.jpg,7
data/B014/62.jpg,1
data/IR007/126.jpg,3
data/Normal/110.jpg,6
data/OR014/224.jpg,8
data/OR007/108.jpg,7
data/IR007/131.jpg,3
data/IR007/161.jpg,3
data/IR007/246.jpg,3
data/B007/132.jpg,0
data/B007/279.jpg,0
data/OR021/219.jpg,9
data/B007/90.jpg,0
data/B014/190.jpg,1
data/B014/278.jpg,1
data/Normal/297.jpg,6
data/IR014/263.jpg,4
data/OR021/7.jpg,9
data/OR014/5.jpg,8
data/IR021/73.jpg,5
data/IR021/144.jpg,5
data/Normal/254.jpg,6
data/OR021/23.jpg,9
data/IR021/250.jpg,5
data/Normal/268.jpg,6
data/B007/214.jpg,0
data/OR014/239.jpg,8
data/B007/49.jpg,0
data/Normal/185.jpg,6
data/IR021/21.jpg,5
data/Normal/250.jpg,6
data/IR021/24.jpg,5
data/Normal/186.jpg,6
data/B021/26.jpg,2
data/B021/9.jpg,2
data/OR014/13.jpg,8
data/OR014/209.jpg,8
data/Normal/209.jpg,6
data/B014/281.jpg,1
data/IR014/246.jpg,4
data/IR014/69.jpg,4
data/B021/71.jpg,2
data/IR014/50.jpg,4
data/B007/99.jpg,0
data/Normal/212.jpg,6
data/IR007/79.jpg,3
data/OR014/271.jpg,8
data/B014/261.jpg,1
data/IR007/159.jpg,3
data/IR007/48.jpg,3
data/Normal/78.jpg,6
data/IR007/147.jpg,3
data/B007/190.jpg,0
data/IR007/242.jpg,3
data/IR021/288.jpg,5
data/IR007/64.jpg,3
data/B007/168.jpg,0
data/B021/261.jpg,2
data/OR021/80.jpg,9
data/B021/77.jpg,2
data/OR014/106.jpg,8
data/OR021/245.jpg,9
data/B021/94.jpg,2
data/OR007/196.jpg,7
data/OR014/92.jpg,8
data/OR014/169.jpg,8
data/IR021/205.jpg,5
data/B007/50.jpg,0
data/B021/83.jpg,2
data/IR014/19.jpg,4
data/B021/29.jpg,2
data/IR014/229.jpg,4
data/OR014/294.jpg,8
data/B007/98.jpg,0
data/IR021/117.jpg,5
data/IR007/146.jpg,3
data/B014/256.jpg,1
data/B007/197.jpg,0
data/IR014/140.jpg,4
data/IR014/202.jpg,4
data/OR021/209.jpg,9
data/IR007/46.jpg,3
data/OR007/201.jpg,7
data/OR007/40.jpg,7
data/IR014/245.jpg,4
data/OR021/153.jpg,9
data/IR014/125.jpg,4
data/IR007/196.jpg,3
data/Normal/32.jpg,6
data/B021/52.jpg,2
data/B014/140.jpg,1
data/OR007/115.jpg,7
data/IR021/38.jpg,5
data/IR007/272.jpg,3
data/OR014/42.jpg,8
data/Normal/183.jpg,6
data/Normal/86.jpg,6
data/Normal/223.jpg,6
data/OR021/222.jpg,9
data/B014/84.jpg,1
data/OR014/80.jpg,8
data/IR014/172.jpg,4
data/OR014/24.jpg,8
data/B014/11.jpg,1
data/OR021/131.jpg,9
data/IR007/219.jpg,3
data/B014/77.jpg,1
data/IR014/191.jpg,4
data/OR021/2.jpg,9
data/B021/48.jpg,2
data/B014/227.jpg,1
data/IR014/94.jpg,4
data/IR014/97.jpg,4
data/IR007/170.jpg,3
data/IR014/12.jpg,4
data/OR021/167.jpg,9
data/B014/216.jpg,1
data/B007/102.jpg,0
data/B007/175.jpg,0
data/B007/95.jpg,0
data/IR014/269.jpg,4
data/OR021/49.jpg,9
data/IR007/265.jpg,3
data/B007/4.jpg,0
data/OR014/290.jpg,8
data/IR021/210.jpg,5
data/B007/185.jpg,0
data/B021/210.jpg,2
data/IR021/145.jpg,5
data/IR014/279.jpg,4
data/OR021/40.jpg,9
data/OR007/144.jpg,7
data/OR007/182.jpg,7
data/IR021/18.jpg,5
data/IR014/80.jpg,4
data/OR007/51.jpg,7
data/IR021/274.jpg,5
data/IR014/27.jpg,4
data/B021/116.jpg,2
data/OR021/296.jpg,9
data/OR014/133.jpg,8
data/IR007/5.jpg,3
data/IR014/15.jpg,4
data/B007/290.jpg,0
data/OR007/198.jpg,7
data/B007/177.jpg,0
data/IR014/281.jpg,4
data/OR021/106.jpg,9
data/IR007/243.jpg,3
data/OR021/62.jpg,9
data/B014/151.jpg,1
data/OR007/30.jpg,7
data/IR007/135.jpg,3
data/IR007/84.jpg,3
data/B014/35.jpg,1
data/IR021/286.jpg,5
data/IR021/279.jpg,5
data/B007/201.jpg,0
data/B007/135.jpg,0
data/OR014/28.jpg,8
data/Normal/279.jpg,6
data/IR014/89.jpg,4
data/B021/115.jpg,2
data/B007/176.jpg,0
data/OR007/96.jpg,7
data/IR007/98.jpg,3
data/OR021/178.jpg,9
data/B014/195.jpg,1
data/OR021/253.jpg,9
data/OR021/212.jpg,9
data/IR014/53.jpg,4
data/OR007/110.jpg,7
data/OR014/23.jpg,8
data/IR007/4.jpg,3
data/OR021/67.jpg,9
data/B014/284.jpg,1
data/IR007/172.jpg,3
data/OR007/31.jpg,7
data/B007/280.jpg,0
data/B021/270.jpg,2
data/Normal/40.jpg,6
data/B014/253.jpg,1
data/IR007/14.jpg,3
data/IR007/248.jpg,3
data/Normal/237.jpg,6
data/IR014/73.jpg,4
data/IR021/125.jpg,5
data/OR014/218.jpg,8
data/OR021/159.jpg,9
data/OR007/94.jpg,7
data/OR014/3.jpg,8
data/B007/162.jpg,0
data/OR014/56.jpg,8
data/B007/242.jpg,0
data/B021/211.jpg,2
data/OR014/125.jpg,8
data/Normal/99.jpg,6
data/IR014/226.jpg,4
data/Normal/176.jpg,6
data/IR007/230.jpg,3
data/OR014/158.jpg,8
data/B007/7.jpg,0
data/OR021/226.jpg,9
data/Normal/53.jpg,6
data/Normal/296.jpg,6
data/OR007/10.jpg,7
data/B007/155.jpg,0
data/OR021/45.jpg,9
data/OR007/151.jpg,7
data/IR007/244.jpg,3
data/OR021/104.jpg,9
data/OR007/66.jpg,7
data/OR014/88.jpg,8
data/OR007/65.jpg,7
data/IR007/36.jpg,3
data/IR007/89.jpg,3
data/IR021/107.jpg,5
data/OR014/296.jpg,8
data/IR007/17.jpg,3
data/IR007/3.jpg,3
data/IR021/103.jpg,5
data/IR014/126.jpg,4
data/IR014/46.jpg,4
data/IR007/203.jpg,3
data/B007/277.jpg,0
data/B014/171.jpg,1
data/B014/170.jpg,1
data/B007/204.jpg,0
data/IR014/204.jpg,4
data/IR007/192.jpg,3
data/B007/113.jpg,0
data/IR021/70.jpg,5
data/IR007/129.jpg,3
data/OR007/168.jpg,7
data/B007/74.jpg,0
data/OR007/247.jpg,7
data/OR014/241.jpg,8
data/OR021/21.jpg,9
data/B014/63.jpg,1
data/IR021/297.jpg,5
data/OR007/175.jpg,7
data/IR007/103.jpg,3
data/OR021/24.jpg,9
data/IR007/187.jpg,3
data/IR014/190.jpg,4
data/IR007/190.jpg,3
data/OR007/120.jpg,7
data/B014/51.jpg,1
data/Normal/38.jpg,6
data/OR007/215.jpg,7
data/B021/245.jpg,2
data/B021/236.jpg,2
data/IR007/264.jpg,3
data/OR014/63.jpg,8
data/OR007/114.jpg,7
data/IR007/115.jpg,3
data/B021/79.jpg,2
data/OR021/124.jpg,9
data/OR007/293.jpg,7
data/B014/16.jpg,1
data/OR007/49.jpg,7
data/OR014/41.jpg,8
data/IR021/258.jpg,5
data/OR021/37.jpg,9
data/IR014/2.jpg,4
data/OR014/250.jpg,8
data/B014/82.jpg,1
data/IR014/262.jpg,4
data/OR021/261.jpg,9
data/OR021/22.jpg,9
data/OR007/166.jpg,7
data/IR021/87.jpg,5
data/IR014/255.jpg,4
data/Normal/118.jpg,6
data/OR007/212.jpg,7
data/OR014/171.jpg,8
data/B014/97.jpg,1
data/B014/296.jpg,1
data/B021/16.jpg,2
data/IR007/216.jpg,3
data/IR021/55.jpg,5
data/OR021/43.jpg,9
data/IR021/44.jpg,5
data/Normal/284.jpg,6
data/IR021/262.jpg,5
data/IR014/185.jpg,4
data/B007/127.jpg,0
data/Normal/164.jpg,6
data/IR014/6.jpg,4
data/B007/61.jpg,0
data/B021/298.jpg,2
data/OR014/245.jpg,8
data/OR021/234.jpg,9
data/B021/66.jpg,2
data/OR014/27.jpg,8
data/OR014/199.jpg,8
data/IR007/25.jpg,3
data/OR021/273.jpg,9
data/B021/179.jpg,2
data/B021/300.jpg,2
data/OR007/298.jpg,7
data/IR007/231.jpg,3
data/OR021/259.jpg,9
data/B014/112.jpg,1
data/OR014/192.jpg,8
data/B007/129.jpg,0
data/B021/112.jpg,2
data/IR021/157.jpg,5
data/IR007/182.jpg,3
data/OR007/267.jpg,7
data/B007/278.jpg,0
data/OR021/192.jpg,9
data/OR021/79.jpg,9
data/B007/287.jpg,0
data/OR021/231.jpg,9
data/Normal/239.jpg,6
data/OR014/43.jpg,8
data/OR014/152.jpg,8
data/IR014/259.jpg,4
data/Normal/114.jpg,6
data/OR021/255.jpg,9
data/IR014/84.jpg,4
data/IR007/175.jpg,3
data/IR014/218.jpg,4
data/OR007/219.jpg,7
data/IR007/287.jpg,3
data/OR007/78.jpg,7
data/B014/279.jpg,1
data/B007/288.jpg,0
data/B021/124.jpg,2
data/IR014/283.jpg,4
data/B014/100.jpg,1
data/B021/278.jpg,2
data/IR007/267.jpg,3
data/OR021/195.jpg,9
data/B014/161.jpg,1
data/OR007/80.jpg,7
data/OR021/149.jpg,9
data/IR021/281.jpg,5
data/Normal/16.jpg,6
data/OR007/249.jpg,7
data/B021/70.jpg,2
data/IR014/215.jpg,4
data/IR021/46.jpg,5
data/B007/54.jpg,0
data/B021/136.jpg,2
data/B007/140.jpg,0
data/IR021/88.jpg,5
data/OR007/89.jpg,7
data/B014/31.jpg,1
data/OR014/34.jpg,8
data/OR007/184.jpg,7
data/B014/117.jpg,1
data/Normal/161.jpg,6
data/OR014/175.jpg,8
data/OR014/189.jpg,8
data/B014/72.jpg,1
data/B021/135.jpg,2
data/OR007/124.jpg,7
data/B007/147.jpg,0
data/B014/10.jpg,1
data/IR014/214.jpg,4
data/OR007/70.jpg,7
data/Normal/27.jpg,6
data/IR007/62.jpg,3
data/OR021/176.jpg,9
data/B021/67.jpg,2
data/B021/194.jpg,2
data/B014/3.jpg,1
data/OR014/86.jpg,8
data/IR021/252.jpg,5
data/OR014/36.jpg,8
data/OR007/287.jpg,7
data/OR014/113.jpg,8
data/IR021/285.jpg,5
data/B007/207.jpg,0
data/Normal/247.jpg,6
data/IR014/211.jpg,4
data/B014/144.jpg,1
data/OR014/126.jpg,8
data/Normal/215.jpg,6
data/B021/168.jpg,2
data/B014/285.jpg,1
data/IR007/136.jpg,3
data/IR014/143.jpg,4
data/IR014/120.jpg,4
data/OR007/235.jpg,7
data/IR007/160.jpg,3
data/OR014/79.jpg,8
data/B021/273.jpg,2
data/B014/165.jpg,1
data/Normal/31.jpg,6
data/B014/299.jpg,1
data/IR021/247.jpg,5
data/Normal/205.jpg,6
data/B014/213.jpg,1
data/OR021/68.jpg,9
data/IR007/289.jpg,3
data/B021/153.jpg,2
data/Normal/184.jpg,6
data/OR021/162.jpg,9
data/Normal/35.jpg,6
data/IR014/7.jpg,4
data/OR014/151.jpg,8
data/IR014/85.jpg,4
data/OR021/251.jpg,9
data/B007/217.jpg,0
data/B021/189.jpg,2
data/B021/241.jpg,2
data/OR007/146.jpg,7
data/B021/30.jpg,2
data/Normal/24.jpg,6
data/B014/96.jpg,1
data/IR021/82.jpg,5
data/IR014/206.jpg,4
data/OR007/154.jpg,7
data/IR021/8.jpg,5
data/IR021/131.jpg,5
data/B021/33.jpg,2
data/OR007/82.jpg,7
data/IR014/244.jpg,4
data/IR014/87.jpg,4
data/B007/220.jpg,0
data/OR014/166.jpg,8
data/B021/128.jpg,2
data/OR007/75.jpg,7
data/IR014/270.jpg,4
data/OR021/41.jpg,9
data/IR007/33.jpg,3
data/IR007/155.jpg,3
data/IR021/198.jpg,5
data/OR007/285.jpg,7
data/OR014/194.jpg,8
data/IR021/109.jpg,5
data/B014/298.jpg,1
data/B014/68.jpg,1
data/OR007/167.jpg,7
data/OR021/18.jpg,9
data/OR007/189.jpg,7
data/Normal/165.jpg,6
data/OR021/86.jpg,9
data/B014/139.jpg,1
data/B007/178.jpg,0
data/OR014/270.jpg,8
data/B007/209.jpg,0
data/B007/75.jpg,0
data/OR014/283.jpg,8
data/OR007/195.jpg,7
data/OR007/159.jpg,7
data/B021/104.jpg,2
data/IR007/235.jpg,3
data/OR021/208.jpg,9
data/B021/266.jpg,2
data/B021/237.jpg,2
data/B014/52.jpg,1
data/IR007/294.jpg,3
data/B014/28.jpg,1
data/OR007/228.jpg,7
data/OR014/203.jpg,8
data/IR014/241.jpg,4
data/OR014/25.jpg,8
data/B021/74.jpg,2
data/OR007/300.jpg,7
data/OR021/27.jpg,9
data/B007/154.jpg,0
data/OR014/285.jpg,8
data/Normal/162.jpg,6
data/IR014/92.jpg,4
data/B021/201.jpg,2
data/IR014/123.jpg,4
data/IR021/156.jpg,5
data/B021/2.jpg,2
data/OR021/160.jpg,9
data/Normal/195.jpg,6
data/IR021/212.jpg,5
data/Normal/33.jpg,6
data/IR014/271.jpg,4
data/B007/28.jpg,0
data/IR007/171.jpg,3
data/OR021/44.jpg,9
data/B007/119.jpg,0
data/OR014/187.jpg,8
data/B007/32.jpg,0
data/B007/68.jpg,0
data/OR007/87.jpg,7
data/IR014/285.jpg,4
data/IR007/92.jpg,3
data/IR007/152.jpg,3
data/IR021/123.jpg,5
data/IR021/80.jpg,5
data/OR007/161.jpg,7
data/B021/86.jpg,2
data/B014/172.jpg,1
data/B014/109.jpg,1
data/B021/149.jpg,2
data/IR007/119.jpg,3
data/B021/289.jpg,2
data/IR007/165.jpg,3
data/IR007/205.jpg,3
data/OR007/106.jpg,7
data/IR021/253.jpg,5
data/OR007/85.jpg,7
data/B014/42.jpg,1
data/IR007/256.jpg,3
data/IR021/227.jpg,5
data/B014/233.jpg,1
data/IR014/210.jpg,4
data/B021/247.jpg,2
data/B014/237.jpg,1
data/IR021/265.jpg,5
data/OR021/258.jpg,9
data/OR014/298.jpg,8
data/OR007/278.jpg,7
data/OR014/90.jpg,8
data/B007/6.jpg,0
data/OR007/229.jpg,7
data/IR007/93.jpg,3
data/Normal/236.jpg,6
data/B014/45.jpg,1
data/OR021/185.jpg,9
data/IR021/177.jpg,5
data/OR021/115.jpg,9
data/IR021/174.jpg,5
data/IR021/86.jpg,5
data/OR014/123.jpg,8
data/OR014/264.jpg,8
data/IR014/242.jpg,4
data/IR014/222.jpg,4
data/IR021/257.jpg,5
data/IR007/120.jpg,3
data/OR007/46.jpg,7
data/OR021/85.jpg,9
data/B021/198.jpg,2
data/B007/285.jpg,0
data/B021/1.jpg,2
data/IR007/197.jpg,3
data/IR007/141.jpg,3
data/B021/296.jpg,2
data/B014/86.jpg,1
data/B021/182.jpg,2
data/IR021/79.jpg,5
data/Normal/54.jpg,6
data/OR014/155.jpg,8
data/IR021/3.jpg,5
data/IR007/236.jpg,3
data/OR014/217.jpg,8
data/OR007/248.jpg,7
data/IR021/28.jpg,5
data/IR007/277.jpg,3
data/IR007/285.jpg,3
data/OR014/143.jpg,8
data/IR014/135.jpg,4
data/IR021/292.jpg,5
data/OR007/223.jpg,7
data/B014/9.jpg,1
data/Normal/273.jpg,6
data/IR007/87.jpg,3
data/IR007/90.jpg,3
data/IR007/179.jpg,3
data/B014/7.jpg,1
data/IR007/31.jpg,3
data/B014/115.jpg,1
data/B014/270.jpg,1
data/OR021/181.jpg,9
data/B021/181.jpg,2
data/IR021/78.jpg,5
data/B014/58.jpg,1
data/B007/212.jpg,0
data/B007/213.jpg,0
data/IR007/123.jpg,3
data/IR007/215.jpg,3
data/OR021/53.jpg,9
data/IR007/63.jpg,3
data/OR021/173.jpg,9
data/OR021/196.jpg,9
data/OR021/248.jpg,9
data/IR021/119.jpg,5
data/IR007/224.jpg,3
data/IR014/240.jpg,4
data/IR021/278.jpg,5
data/OR021/145.jpg,9
data/IR007/239.jpg,3
data/B021/123.jpg,2
data/B014/202.jpg,1
data/IR021/13.jpg,5
data/B014/254.jpg,1
data/B014/81.jpg,1
data/B007/273.jpg,0
data/IR007/40.jpg,3
data/IR021/10.jpg,5
data/Normal/244.jpg,6
data/B021/166.jpg,2
data/B007/18.jpg,0
data/OR007/43.jpg,7
data/IR021/249.jpg,5
data/IR021/83.jpg,5
data/IR007/266.jpg,3
data/OR007/255.jpg,7
data/Normal/253.jpg,6
data/IR014/14.jpg,4
data/B021/126.jpg,2
data/B021/111.jpg,2
data/OR007/268.jpg,7
data/OR021/172.jpg,9
data/IR007/275.jpg,3
data/B021/197.jpg,2
data/IR014/167.jpg,4
data/Normal/26.jpg,6
data/IR021/195.jpg,5
data/Normal/98.jpg,6
data/B007/247.jpg,0
data/OR007/81.jpg,7
data/B021/13.jpg,2
data/OR014/227.jpg,8
data/B021/73.jpg,2
data/IR007/176.jpg,3
data/B007/230.jpg,0
data/IR014/74.jpg,4
data/OR021/272.jpg,9
data/IR021/216.jpg,5
data/B007/198.jpg,0
data/Normal/52.jpg,6
data/B007/48.jpg,0
data/OR007/253.jpg,7
data/B021/89.jpg,2
data/IR014/141.jpg,4
data/OR007/281.jpg,7
data/OR014/104.jpg,8
data/B007/43.jpg,0
data/IR007/133.jpg,3
data/B021/251.jpg,2
data/IR014/196.jpg,4
data/IR021/228.jpg,5
data/OR021/33.jpg,9
data/IR007/97.jpg,3
data/B021/279.jpg,2
data/OR021/269.jpg,9
data/OR021/207.jpg,9
data/B014/272.jpg,1
data/B014/177.jpg,1
data/IR021/2.jpg,5
data/IR021/299.jpg,5
data/OR014/236.jpg,8
data/IR021/130.jpg,5
data/IR021/215.jpg,5
data/IR014/118.jpg,4
data/OR014/244.jpg,8
data/IR014/228.jpg,4
data/OR007/241.jpg,7
data/IR007/77.jpg,3
data/B014/59.jpg,1
data/OR021/116.jpg,9
data/IR021/260.jpg,5
data/B021/91.jpg,2
data/IR014/55.jpg,4
data/IR021/72.jpg,5
data/Normal/97.jpg,6
data/OR007/174.jpg,7
data/B007/159.jpg,0
data/B007/228.jpg,0
data/IR007/166.jpg,3
data/B014/36.jpg,1
data/OR007/19.jpg,7
data/IR021/89.jpg,5
data/OR007/45.jpg,7
data/OR014/83.jpg,8
data/B014/147.jpg,1
data/OR014/16.jpg,8
data/OR007/6.jpg,7
data/IR021/188.jpg,5
data/Normal/266.jpg,6
data/IR007/102.jpg,3
data/IR014/213.jpg,4
data/IR007/300.jpg,3
data/IR014/64.jpg,4
data/IR007/191.jpg,3
data/B021/10.jpg,2
data/OR014/53.jpg,8
data/IR014/17.jpg,4
data/OR021/26.jpg,9
data/B014/152.jpg,1
data/B007/106.jpg,0
data/Normal/262.jpg,6
data/Normal/271.jpg,6
data/Normal/249.jpg,6
data/B014/106.jpg,1
data/B007/225.jpg,0
data/B021/200.jpg,2
data/IR007/21.jpg,3
data/IR014/100.jpg,4
data/Normal/60.jpg,6
data/IR007/210.jpg,3
data/IR014/52.jpg,4
data/B014/215.jpg,1
data/B014/197.jpg,1
data/IR014/22.jpg,4
data/B021/72.jpg,2
data/IR014/195.jpg,4
data/IR021/68.jpg,5
data/IR021/4.jpg,5
data/IR021/76.jpg,5
data/OR007/137.jpg,7
data/OR007/197.jpg,7
data/Normal/299.jpg,6
data/B021/169.jpg,2
data/Normal/37.jpg,6
data/B007/88.jpg,0
data/OR014/37.jpg,8
data/IR014/98.jpg,4
data/B014/78.jpg,1
data/B007/12.jpg,0
data/IR014/51.jpg,4
data/IR007/149.jpg,3
data/OR014/256.jpg,8
data/Normal/44.jpg,6
data/IR007/268.jpg,3
data/B007/122.jpg,0
data/B021/165.jpg,2
data/IR007/251.jpg,3
data/OR007/24.jpg,7
data/IR014/142.jpg,4
data/OR021/117.jpg,9
data/OR007/289.jpg,7
data/IR021/184.jpg,5
data/Normal/259.jpg,6
data/IR014/144.jpg,4
data/IR007/198.jpg,3
data/IR021/230.jpg,5
data/OR014/201.jpg,8
data/B007/58.jpg,0
data/B007/3.jpg,0
data/B007/27.jpg,0
data/IR014/138.jpg,4
data/IR021/31.jpg,5
data/Normal/211.jpg,6
data/IR007/282.jpg,3
data/B014/283.jpg,1
data/Normal/238.jpg,6
data/B007/261.jpg,0
data/B014/289.jpg,1
data/OR014/259.jpg,8
data/Normal/229.jpg,6
data/IR021/141.jpg,5
data/OR021/71.jpg,9
data/IR007/199.jpg,3
data/B007/240.jpg,0
data/OR021/138.jpg,9
data/OR014/115.jpg,8
data/Normal/141.jpg,6
data/IR014/81.jpg,4
data/OR007/64.jpg,7
data/OR021/93.jpg,9
data/B007/14.jpg,0
data/B007/239.jpg,0
data/IR014/223.jpg,4
data/IR007/140.jpg,3
data/B014/127.jpg,1
data/B007/171.jpg,0
data/IR021/67.jpg,5
data/B007/46.jpg,0
data/B021/195.jpg,2
data/B021/133.jpg,2
data/OR014/116.jpg,8
data/Normal/19.jpg,6
data/Normal/245.jpg,6
data/B014/200.jpg,1
data/B014/56.jpg,1
data/B021/224.jpg,2
data/B014/300.jpg,1
data/OR007/116.jpg,7
data/OR014/254.jpg,8
data/IR014/26.jpg,4
data/IR014/38.jpg,4
data/B007/79.jpg,0
data/OR014/182.jpg,8
data/IR014/20.jpg,4
data/Normal/280.jpg,6
data/IR007/42.jpg,3
data/B021/238.jpg,2
data/Normal/272.jpg,6
data/IR007/29.jpg,3
data/B014/247.jpg,1
data/B014/274.jpg,1
data/OR014/128.jpg,8
data/B014/149.jpg,1
data/IR007/281.jpg,3
data/OR014/78.jpg,8
data/Normal/285.jpg,6
data/IR007/88.jpg,3
data/IR007/2.jpg,3
data/B014/40.jpg,1
data/OR007/240.jpg,7
data/OR021/282.jpg,9
data/Normal/166.jpg,6
data/OR007/127.jpg,7
data/OR014/220.jpg,8
data/IR007/18.jpg,3
data/B007/148.jpg,0
data/IR021/280.jpg,5
data/IR021/295.jpg,5
data/OR021/175.jpg,9
data/IR007/68.jpg,3
data/B014/101.jpg,1
data/OR007/133.jpg,7
data/IR021/121.jpg,5
data/OR007/67.jpg,7
data/OR014/127.jpg,8
data/IR007/75.jpg,3
data/B007/78.jpg,0
data/Normal/159.jpg,6
data/B014/33.jpg,1
data/OR007/191.jpg,7
data/IR021/62.jpg,5
data/IR014/175.jpg,4
data/IR021/223.jpg,5
data/IR007/156.jpg,3
data/IR007/258.jpg,3
data/OR014/100.jpg,8
data/IR007/181.jpg,3
data/OR014/52.jpg,8
data/IR021/190.jpg,5
data/IR007/290.jpg,3
data/Normal/88.jpg,6
data/IR021/45.jpg,5
data/OR021/249.jpg,9
data/B021/227.jpg,2
data/B007/143.jpg,0
data/B021/228.jpg,2
data/OR007/295.jpg,7
data/B021/208.jpg,2
data/OR014/68.jpg,8
data/OR021/5.jpg,9
data/IR021/229.jpg,5
data/IR007/72.jpg,3
data/B014/212.jpg,1
data/Normal/156.jpg,6
data/IR014/192.jpg,4
data/OR014/98.jpg,8
data/Normal/7.jpg,6
data/IR021/197.jpg,5
data/OR014/222.jpg,8
data/IR014/230.jpg,4
data/B014/271.jpg,1
data/OR007/181.jpg,7
data/OR014/268.jpg,8
data/IR021/194.jpg,5
data/B014/185.jpg,1
data/OR007/122.jpg,7
data/IR014/225.jpg,4
data/OR014/12.jpg,8
data/B007/87.jpg,0
data/IR021/17.jpg,5
data/OR021/147.jpg,9
data/OR014/195.jpg,8
data/OR021/81.jpg,9
data/B007/233.jpg,0
data/Normal/204.jpg,6
data/IR007/293.jpg,3
data/B007/70.jpg,0
data/OR014/293.jpg,8
data/OR007/160.jpg,7
data/B014/29.jpg,1
data/OR007/25.jpg,7
data/Normal/158.jpg,6
data/OR007/279.jpg,7
data/B021/172.jpg,2
data/B014/264.jpg,1
data/B014/64.jpg,1
data/IR014/136.jpg,4
data/OR007/150.jpg,7
data/IR021/231.jpg,5
data/IR007/58.jpg,3
data/B021/35.jpg,2
data/IR007/76.jpg,3
data/IR007/164.jpg,3
data/Normal/177.jpg,6
data/OR007/63.jpg,7
data/IR021/273.jpg,5
data/IR021/147.jpg,5
data/OR007/296.jpg,7
data/OR014/110.jpg,8
data/OR014/179.jpg,8
data/B021/205.jpg,2
data/B014/138.jpg,1
data/B021/263.jpg,2
data/OR021/10.jpg,9
data/OR007/155.jpg,7
data/IR021/114.jpg,5
data/B014/27.jpg,1
data/Normal/89.jpg,6
data/IR007/1.jpg,3
data/B007/163.jpg,0
data/OR021/139.jpg,9
data/OR007/91.jpg,7
data/IR021/283.jpg,5
data/IR007/11.jpg,3
data/IR007/60.jpg,3
data/OR021/260.jpg,9
data/B007/164.jpg,0
data/B014/93.jpg,1
data/OR021/289.jpg,9
data/OR021/254.jpg,9
data/B021/203.jpg,2
data/Normal/113.jpg,6
data/B014/220.jpg,1
data/Normal/269.jpg,6
data/OR021/9.jpg,9
data/Normal/70.jpg,6
data/B014/120.jpg,1
data/OR021/140.jpg,9
data/IR021/40.jpg,5
data/IR014/251.jpg,4
data/B014/14.jpg,1
data/B021/117.jpg,2
data/IR014/170.jpg,4
data/Normal/154.jpg,6
data/B014/209.jpg,1
data/OR014/176.jpg,8
data/B007/56.jpg,0
data/IR014/256.jpg,4
data/B021/161.jpg,2
data/OR021/180.jpg,9
data/B021/160.jpg,2
data/OR007/185.jpg,7
data/Normal/29.jpg,6
data/B014/79.jpg,1
data/OR021/168.jpg,9
data/OR014/58.jpg,8
data/B014/257.jpg,1
data/Normal/267.jpg,6
data/OR014/265.jpg,8
data/B007/254.jpg,0
data/OR007/277.jpg,7
data/OR021/88.jpg,9
data/OR007/74.jpg,7
data/Normal/91.jpg,6
data/Normal/219.jpg,6
data/OR014/188.jpg,8
data/IR014/124.jpg,4
data/B007/211.jpg,0
data/IR014/95.jpg,4
data/B021/239.jpg,2
data/B014/145.jpg,1
data/OR021/133.jpg,9
data/OR021/294.jpg,9
data/Normal/170.jpg,6
data/OR007/233.jpg,7
data/OR021/129.jpg,9
data/B014/17.jpg,1
data/IR007/252.jpg,3
data/OR007/26.jpg,7
data/IR014/165.jpg,4
data/Normal/208.jpg,6
data/IR014/114.jpg,4
data/B007/85.jpg,0
data/B014/182.jpg,1
data/B021/102.jpg,2
data/OR014/51.jpg,8
data/B014/288.jpg,1
data/IR007/168.jpg,3
data/B014/8.jpg,1
data/B007/8.jpg,0
data/B007/117.jpg,0
data/B007/170.jpg,0
data/B021/5.jpg,2
data/OR014/67.jpg,8
data/B021/183.jpg,2
data/B007/73.jpg,0
data/B021/243.jpg,2
data/B014/181.jpg,1
data/OR021/198.jpg,9
data/OR007/9.jpg,7
data/Normal/22.jpg,6
data/IR014/8.jpg,4
data/IR014/276.jpg,4
data/B021/286.jpg,2
data/OR007/17.jpg,7
data/OR007/202.jpg,7
data/OR021/56.jpg,9
data/IR021/209.jpg,5
data/Normal/174.jpg,6
data/OR007/177.jpg,7
data/IR021/39.jpg,5
data/Normal/15.jpg,6
data/IR007/61.jpg,3
data/IR007/47.jpg,3
data/IR021/60.jpg,5
data/OR007/72.jpg,7
data/B007/25.jpg,0
data/IR014/224.jpg,4
data/B014/66.jpg,1
data/IR021/236.jpg,5
data/B007/76.jpg,0
data/OR014/262.jpg,8
data/IR021/99.jpg,5
data/Normal/175.jpg,6
data/B007/142.jpg,0
data/OR014/57.jpg,8
data/IR007/234.jpg,3
data/OR021/101.jpg,9
data/Normal/18.jpg,6
data/OR014/216.jpg,8
data/OR021/61.jpg,9
data/IR021/232.jpg,5
data/Normal/93.jpg,6
data/IR007/217.jpg,3
data/B007/77.jpg,0
data/IR007/105.jpg,3
data/B007/111.jpg,0
data/OR007/226.jpg,7
data/IR021/161.jpg,5
data/IR014/264.jpg,4
data/IR021/204.jpg,5
data/B007/196.jpg,0
data/IR021/224.jpg,5
data/B021/188.jpg,2
data/B021/44.jpg,2
data/B021/108.jpg,2
data/OR021/8.jpg,9
data/OR014/129.jpg,8
data/OR014/214.jpg,8
data/IR014/171.jpg,4
data/IR014/203.jpg,4
data/OR021/157.jpg,9
data/B014/5.jpg,1
data/OR014/61.jpg,8
data/IR021/186.jpg,5
data/Normal/210.jpg,6
data/OR021/75.jpg,9
data/IR014/117.jpg,4
data/IR014/187.jpg,4
data/IR021/81.jpg,5
data/B007/271.jpg,0
data/B007/165.jpg,0
data/OR021/84.jpg,9
data/Normal/151.jpg,6
data/Normal/126.jpg,6
data/OR021/188.jpg,9
data/IR014/177.jpg,4
data/IR014/56.jpg,4
data/B021/50.jpg,2
data/B021/93.jpg,2
data/B007/167.jpg,0
data/IR021/132.jpg,5
data/IR021/169.jpg,5
data/IR007/110.jpg,3
data/IR014/277.jpg,4
data/OR014/248.jpg,8
data/OR007/218.jpg,7
data/IR021/293.jpg,5
data/B021/18.jpg,2
data/IR007/108.jpg,3
data/Normal/9.jpg,6
data/OR007/128.jpg,7
data/B021/15.jpg,2
data/OR021/156.jpg,9
data/OR007/37.jpg,7
data/B014/92.jpg,1
data/Normal/213.jpg,6
data/B007/297.jpg,0
data/IR007/263.jpg,3
data/B021/119.jpg,2
data/OR021/184.jpg,9
data/OR021/111.jpg,9
data/IR014/137.jpg,4
data/IR021/211.jpg,5
data/B021/254.jpg,2
data/IR021/120.jpg,5
data/B007/152.jpg,0
data/OR021/213.jpg,9
data/OR007/206.jpg,7
data/B014/210.jpg,1
data/Normal/58.jpg,6
data/OR007/3.jpg,7
data/OR007/203.jpg,7
data/OR007/100.jpg,7
data/IR021/23.jpg,5
data/OR014/167.jpg,8
data/OR007/178.jpg,7
data/IR007/137.jpg,3
data/B021/129.jpg,2
data/OR014/118.jpg,8
data/Normal/133.jpg,6
data/B014/105.jpg,1
data/OR014/10.jpg,8
data/OR021/130.jpg,9
data/B014/260.jpg,1
data/B014/118.jpg,1
data/OR014/198.jpg,8
data/IR007/30.jpg,3
data/OR014/178.jpg,8
data/Normal/82.jpg,6
data/IR021/14.jpg,5
data/OR007/216.jpg,7
data/IR021/225.jpg,5
data/Normal/225.jpg,6
data/B007/161.jpg,0
data/OR007/283.jpg,7
data/B007/9.jpg,0
data/OR014/20.jpg,8
data/OR021/297.jpg,9
data/OR021/206.jpg,9
data/B014/65.jpg,1
data/OR014/173.jpg,8
data/OR014/213.jpg,8
data/Normal/125.jpg,6
data/IR014/293.jpg,4
data/OR007/207.jpg,7
data/B014/223.jpg,1
data/B007/222.jpg,0
data/OR014/54.jpg,8
data/B007/80.jpg,0
data/Normal/173.jpg,6
data/OR021/280.jpg,9
data/OR014/26.jpg,8
data/Normal/14.jpg,6
data/IR014/88.jpg,4
data/OR021/221.jpg,9
data/OR014/276.jpg,8
data/Normal/168.jpg,6
data/B014/18.jpg,1
data/IR021/179.jpg,5
data/OR021/82.jpg,9
data/IR021/57.jpg,5
data/IR014/184.jpg,4
data/IR021/133.jpg,5
data/Normal/191.jpg,6
data/IR021/160.jpg,5
data/B007/136.jpg,0
data/Normal/42.jpg,6
data/IR021/150.jpg,5
data/OR007/297.jpg,7
data/OR021/274.jpg,9
data/OR007/244.jpg,7
data/B007/31.jpg,0
data/IR007/43.jpg,3
data/IR021/52.jpg,5
data/IR007/71.jpg,3
data/OR021/268.jpg,9
data/IR021/30.jpg,5
data/B021/139.jpg,2
data/IR007/232.jpg,3
data/OR021/57.jpg,9
data/IR014/193.jpg,4
data/B007/298.jpg,0
data/B007/64.jpg,0
data/B014/286.jpg,1
data/OR014/74.jpg,8
data/B014/211.jpg,1
data/OR007/260.jpg,7
data/B014/19.jpg,1
data/IR014/294.jpg,4
data/OR007/93.jpg,7
data/IR007/225.jpg,3
data/IR014/139.jpg,4
data/B021/184.jpg,2
data/OR014/274.jpg,8
data/OR014/277.jpg,8
data/OR021/220.jpg,9
data/Normal/43.jpg,6
data/OR021/197.jpg,9
data/IR021/291.jpg,5
data/IR021/34.jpg,5
data/B007/169.jpg,0
data/B014/90.jpg,1
data/IR007/104.jpg,3
data/IR014/247.jpg,4
data/OR014/97.jpg,8
data/IR014/176.jpg,4
data/OR021/244.jpg,9
data/B007/282.jpg,0
data/B021/176.jpg,2
data/IR014/219.jpg,4
data/B014/191.jpg,1
data/IR021/214.jpg,5
data/OR021/92.jpg,9
data/Normal/140.jpg,6
data/OR014/48.jpg,8
data/B021/190.jpg,2
data/IR014/47.jpg,4
data/OR021/228.jpg,9
data/B007/194.jpg,0
data/B021/235.jpg,2
data/B007/256.jpg,0
data/OR021/203.jpg,9
data/IR007/22.jpg,3
data/B007/44.jpg,0
data/IR021/56.jpg,5
data/B021/28.jpg,2
data/OR014/122.jpg,8
data/Normal/55.jpg,6
data/IR014/48.jpg,4
data/IR021/149.jpg,5
data/OR021/25.jpg,9
data/B014/203.jpg,1
data/IR021/242.jpg,5
data/B007/252.jpg,0
data/B007/38.jpg,0
data/OR007/213.jpg,7
data/B021/31.jpg,2
data/B007/2.jpg,0
data/B007/124.jpg,0
data/B021/118.jpg,2
data/OR021/122.jpg,9
data/OR007/62.jpg,7
data/Normal/291.jpg,6
data/OR021/60.jpg,9
data/B014/70.jpg,1
data/Normal/47.jpg,6
data/OR014/84.jpg,8
data/OR021/142.jpg,9
data/OR007/145.jpg,7
data/OR021/215.jpg,9
data/B007/153.jpg,0
data/Normal/281.jpg,6
data/B007/59.jpg,0
data/IR021/222.jpg,5
data/B014/240.jpg,1
data/OR007/15.jpg,7
data/B021/297.jpg,2
data/B021/125.jpg,2
data/B021/3.jpg,2
data/IR021/290.jpg,5
data/B014/246.jpg,1
data/B007/187.jpg,0
data/IR007/253.jpg,3
data/OR007/119.jpg,7
data/OR014/191.jpg,8
data/B021/62.jpg,2
data/B021/156.jpg,2
data/IR021/61.jpg,5
data/OR021/135.jpg,9
data/B007/24.jpg,0
data/IR007/241.jpg,3
data/B007/141.jpg,0
data/OR014/185.jpg,8
data/IR014/40.jpg,4
data/OR007/32.jpg,7
data/B014/249.jpg,1
data/OR007/97.jpg,7
data/OR021/109.jpg,9
data/Normal/107.jpg,6
data/OR007/20.jpg,7
data/IR014/67.jpg,4
data/IR007/162.jpg,3
data/B021/114.jpg,2
data/B007/5.jpg,0
data/B021/63.jpg,2
data/B021/143.jpg,2
data/IR021/264.jpg,5
data/IR007/145.jpg,3
data/IR014/122.jpg,4
data/OR014/284.jpg,8
data/IR021/176.jpg,5
data/IR007/169.jpg,3
data/Normal/235.jpg,6
data/B007/210.jpg,0
data/IR021/7.jpg,5
data/IR014/72.jpg,4
data/B007/234.jpg,0
data/IR014/130.jpg,4
data/Normal/202.jpg,6
data/B021/204.jpg,2
data/OR007/50.jpg,7
data/OR014/291.jpg,8
data/OR021/103.jpg,9
data/OR021/14.jpg,9
data/B021/57.jpg,2
data/B014/217.jpg,1
data/B021/11.jpg,2
data/IR014/115.jpg,4
data/IR014/13.jpg,4
data/OR021/225.jpg,9
data/B007/13.jpg,0
data/IR007/70.jpg,3
data/B007/150.jpg,0
data/IR021/151.jpg,5
data/OR021/126.jpg,9
data/OR014/161.jpg,8
data/IR021/129.jpg,5
data/IR007/130.jpg,3
data/IR014/150.jpg,4
data/OR014/219.jpg,8
data/OR014/109.jpg,8
data/B007/246.jpg,0
data/IR014/153.jpg,4
data/OR021/1.jpg,9
data/IR021/233.jpg,5
data/OR007/90.jpg,7
data/IR021/113.jpg,5
